<?xml version="1.0" encoding="UTF-8"?>
<index>
	<title>Source of Granular</title>
	<nodes>
		<node icon="classpathIcon" label="src" expanded="true">
			<node label="components.swc" url="source/components.swc"/>
			<node icon="actionScriptIcon" label="GrainDescription.as" url="source/GrainDescription.as.html"/>
			<node icon="actionScriptIcon" label="GrainPool.as" url="source/GrainPool.as.html"/>
			<node icon="mxmlAppIcon" selected="true" label="Granular.as" url="source/Granular.as.html"/>
			<node icon="actionScriptIcon" label="LabeledSlider.as" url="source/LabeledSlider.as.html"/>
			<node label="lynn.mp3" url="source/lynn.mp3"/>
		</node>
	</nodes>
</index>
